Plant Name,State,Capacity (MW),Operator
Vindhyachal Super Thermal Power Station,Madhya Pradesh,4760,NTPC
Mundra Thermal Power Station,Gujarat,4620,Adani Power
Mundra Ultra Mega Power Project,Gujarat,4000,Tata Power
Sasan Ultra Mega Power Project,Madhya Pradesh,3960,Reliance Power
KSK Mahanadi Power Project,Chhattisgarh,3600,KSK Energy Ventures
Jindal Tamnar Thermal Power Plant,Chhattisgarh,3400,JSPL
Chandrapur Super Thermal Power Station,Maharashtra,3340,MSPGCL (MAHAGENCO)
Tirora Thermal Power Station,Maharashtra,3300,Adani Power
Sipat Thermal Power Plant,Chhattisgarh,2980,NTPC
RKM Powergen Thermal Power Plant,Chhattisgarh,1440,R. K. M Powergen Private Limited
Korba Super Thermal Power Plant,Chhattisgarh,2600,NTPC
Sant Singaji Thermal Power Plant,Madhya Pradesh,2520,MPPGC
Wanakbori Thermal Power Station,Gujarat,2270,GSECL
Dada Dhuniwale Thermal Power Plant,Madhya Pradesh,1600,MPPGC
Bhusawal Thermal Power Station,Maharashtra,1000,MSPGCL (MAHAGENCO)
Trombay Thermal Power Station,Maharashtra,750,Tata Power
Amravati Thermal Power Plant,Maharashtra,1350,Indiabulls
Khaparkheda Thermal Power Station,Maharashtra,1340,MSPGCL (MAHAGENCO)
Sanjay Gandhi Thermal Power Station,Madhya Pradesh,1340,MPPGCL
Satpura Thermal Power Station,Madhya Pradesh,1330,MPPGCL
Essar Salaya Power Plant,Gujarat,1200,Essar Energy
DB Thermal Project Ltd.,Chhattisgarh,1200,DB POWER
Parli Thermal Power Station,Maharashtra,500,MSPGCL (MAHAGENCO)
Gandhinagar Thermal Power Station,Gujarat,630,GSECL
Ukai Thermal Power Station,Gujarat,1110,GSECL
Hasdeo Thermal Power Station,Chhattisgarh,840,CSPGCL
Nashik Thermal Power Station,Maharashtra,630,MSPGCL (MAHAGENCO)
Koradi Thermal Power Station,Maharashtra,2400,MSPGCL (MAHAGENCO)
Lanco Amarkantak Power Plant,Chhattisgarh,600,Lanco Infratech
Wardha Warora Power Plant,Maharashtra,540,KSK Energy Ventures
Dr Shyama Prasad Mukharjee Thermal Power Station,Chhattisgarh,500,CSPGCL
Dahanu Thermal Power Station,Maharashtra,500,Adani Power
Paras Thermal Power Station,Maharashtra,500,MSPGCL (MAHAGENCO)
KSK Mahanadi Power Project,Chhattisgarh,135,KSK Energy Ventures
NSPCL Bhilai Power Plant,Chhattisgarh,500,NSPCL
Surat Thermal Power Station,Gujarat,500,Gujarat Industries Power Company Ltd.
Amarkantak Thermal Power Station,Madhya Pradesh,210,MPPGCL
Bhawnendra Singh Deo Power Plant,Chhattisgarh,N/A,CSPGCL
Sabarmati Thermal Power Station,Gujarat,362,Torrent Power
CESC Chandrapur Thermal Power Station,Maharashtra,600,CESC
Kutch Thermal Power Station,Gujarat,150,GSECL
Akrimota Thermal Power Station,Gujarat,250,GMDC
Sikka Thermal Power Station,Gujarat,500,GSECL
Dhuvaran Thermal Power Station,Gujarat,N/A,GSECL
Rihand Thermal Power Station,Uttar Pradesh,3000,NTPC
Singrauli Super Thermal Power Station,Uttar Pradesh,2000,NTPC
NTPC Dadri,Uttar Pradesh,1820,NTPC
Anpara Thermal Power Station,Uttar Pradesh,2630,UPRVUNL
Suratgarh Super Thermal Power Plant,Rajasthan,1500,RVUNL
Panipat Thermal Power Station,Haryana,710,HPGCL
Obra Thermal Power Station,Uttar Pradesh,1188,UPRVUNL
Guru Gobind Singh Super Thermal Power Plant,Punjab,840,PSPCL
Talwandi Sabo Power Project,Punjab,1980,Vedanta Limited
Kota Super Thermal Power Plant,Rajasthan,1240,RVUNL
Rosa Thermal Power Plant,Uttar Pradesh,1200,Reliance Power Limited
Rajiv Gandhi Thermal Power Station,Haryana,1200,HPGCL
Indira Gandhi Super Thermal Power Project,Haryana,1500,Aravali Power Company India Limited
Raj West Lignite Power Plant,Rajasthan,1080,JSW Energy
Feroj Gandhi Unchahar Thermal Power Plant,Uttar Pradesh,1050,NTPC
Guru Hargobind TP,Punjab,500,PSPCL
Badarpur Thermal Power Station,Delhi,N/A,NTPC
Parichha Thermal Power Station,Uttar Pradesh,1140,UPRVUNL
Lalitpur Thermal Power Station,Uttar Pradesh,1980,Bajaj Hindustan Ltd.
Deenbandhu Chhotu Ram Thermal Power Station,Haryana,600,HPGCL
Chhabra Thermal Power Plant,Rajasthan,500,RVUNL
Guru Nanak Dev Thermal Plant,Punjab,00,PSPCL
Tanda Thermal Power Plant,Uttar Pradesh,440,NTPC
Barsingsar Thermal Power Station,Rajasthan,250,NLC
Giral Lignite Power Plant,Rajasthan,250,RVUNL
Harduaganj Thermal Power Station,Uttar Pradesh,160,UPRVUNL
Panki Thermal Power Station,Uttar Pradesh,N/A,UPRVUNL
Rajghat Power Station,Delhi,N/A,IPGCL
VS Lignite Power Plant,Rajasthan,135,KSK Energy Ventures
Faridabad Thermal Power Station,Haryana,55,HPGCL
Barh Super Thermal Power Station,Bihar,3300,NTPC
Talcher Super Thermal Power Station,Odisha,3000,NTPC
Sterlite Jharsuguda Power Station,Odisha,2400,Vedanta
Mejia Thermal Power Station,West Bengal,2340,DVC
Kahalgaon Super Thermal Power Station,Bihar,2340,NTPC
Farakka Super Thermal Power Station,West Bengal,2100,NTPC
Nabinagar Super Thermal Power Project,Bihar,1980,NTPC
Vedanta Jharsuguda Captive Power Plant,Odisha,1215,Vedanta
Kolaghat Thermal Power Station,West Bengal,1260,WBPDCL
Chandrapura Thermal Power Station,Jharkhand,860,DVC
Angul Thermal Power Station,Odisha,1200,Jindal India Thermal Power
National Aluminium Company Captive Power Plant,Odisha,1200,NALCO
Kamalanga Thermal Power Plant,Odisha,1050,GMR Group
Bakreshwar Thermal Power Station,West Bengal,1050,WBPDCL
Maithon Power Plant,Jharkhand,1050,"DVC , Tata Power"
Durgapur Steel Thermal Power Station,West Bengal,1000,DVC
Koderma Thermal Power Station,Jharkhand,1000,DVC
Bhartiya Rail Bijlee Company Limited (BRBCL),Bihar,1000,NTPC
Ib Thermal Power Station,Odisha,960,OPGCL
Barauni Thermal Power Station,Bihar,810,NTPC
Patratu Thermal Power Station,Jharkhand,840,JSEB
Budge Budge Thermal Power Plant,West Bengal,750,CESCL
Santaldih Thermal Power Station,West Bengal,500,WBPDCL
Durgapur Thermal Power Station,West Bengal,410,DVC
Bokaro Thermal Power Station,Jharkhand,710,DVC
Kanti Thermal Power Station,Bihar,610,NTPC
Sagardighi Thermal Power Station,West Bengal,1600,WBPDCL
Talcher Thermal Power Station,Odisha,460,NTPC
Bandel Thermal Power Station,West Bengal,450,WBPDCL
Jojobera Thermal Power Plant,Jharkhand,427.5,Tata Power
Tenughat Thermal Power Station,Jharkhand,420,TVNL
Hirakud Captive Power Plant,Odisha,367.5,Hindalco Industries
Durgapur Thermal Power Station,West Bengal,210,DVC
Titagarh Thermal Power Station,West Bengal,240,CESCL
CESC Southern Generating Station,West Bengal,135,CESCL
New Cossipore Generating Station,West Bengal,100,CESCL
NTPC Ramagundam,Telangana,2600,NTPC
Simhadri Super Thermal Power Plant,Andhra Pradesh,2000,NTPC
Neyveli Thermal Power Station II,Tamil Nadu,1970,NLC
Dr Narla Tatarao TPS,Andhra Pradesh,2560,APGENCO
Raichur Thermal Power Station,Karnataka,1720,KPCL
Kothagudem Thermal Power Station,Telangana,1800,TSGENCO
Sri Damodaram Sanjeevaiah Thermal Power Station,Andhra Pradesh,2400,APPDCL
Vallur Thermal Power Station,Tamil Nadu,1500,NTPC & TNEB
Sembcorp Gayatri Power Complex,Andhra Pradesh,2640,SGPC
Udupi Power Plant,Karnataka,1200,Adani Power
Singareni Thermal Power Plant,Telangana,1200,Singareni Collieries Company
Adani Thermal Power Plant,Jharkhand,1320,Adani Power Jharkhand Limited
Tuticorin Thermal Power Station,Tamil Nadu,1050,TNEB
Rayalaseema Thermal Power Station,Andhra Pradesh,1650,APGENCO
Neyveli Thermal Power Station I,Tamil Nadu,420,NLC
NTPL Thermal Power Station,Tamil Nadu,1000,NLC & TNEB
JSW Vijayanagar Power Station,Karnataka,860,JSW Energy
Mettur Thermal Power Station,Tamil Nadu,1440,TNEB
North Chennai Thermal Power Station,Tamil Nadu,1830,TNEB
Mutiara Thermal Power Plant,Tamil Nadu,1200,Coastal Energen Private Limited (CEPL)
Cuddalore IL&FS Thermal Power Station,Tamil Nadu,1200,IL&FS Tamil Nadu Power Company Limited (ITPCL)
Simhapuri Thermal Power Station,Andhra Pradesh,600,Simhapuri Energy Limited
Hinduja Thermal Power Station,Andhra Pradesh,1040,Hinduja National Power Corporation Limited
Kakatiya Thermal Power Station,Telangana,500,TSGENCO
Bellary Thermal Power station,Karnataka,1700,KPCL
Yermarus Thermal Power Station,Karnataka,1600,KPCL
Ennore Thermal Power Station,Tamil Nadu,N/A,TNEB
Ind-Barath Thermal Power Plant,Tamil Nadu,300,Ind-Barath Power Infra Limited
Meenakshi Power Plant,Andhra Pradesh,300,MEPL
Neyveli Zero Lignite Power Station,Tamil Nadu,250,TAQA
Ramagundam B Thermal Power Station,Telangana,62.5,TSGENCO
